pdb,nnodes,nedges,num,idist,nsols,nbbsols,tsecs,min_eij,avg_eij,max_eij,min_rmsd,avg_rmsd,max_rmsd
"1dvjA_20 (21,22)",19,72,1000,"[4.01, 5.19]",24,18,27.326758,7.39e-05,0.001778688888888889,0.003593,0.00298,0.0786688888888889,0.1665
