RECORD,serial,name,altLoc,resName,chainID,resSeq,iCode,x,y,z,occupancy,tempFactor,element,charge
ATOM,96,N, ,ASP,A,20, ,15.153999937170227,2.438999998012663,20.574000043735005,1.0,13.32,N,
ATOM,97,CA, ,ASP,A,20, ,13.91800002082296,1.6529999588058955,20.689000080107462,1.0,12.89,C,
ATOM,98,C, ,ASP,A,20, ,12.885999964064627,1.8959999096310636,19.586000050220992,1.0,14.81,C,
ATOM,101,HA, ,ASP,A,20, ,14.230848038501325,0.6129232242641685,20.565145969845716,1.0, ,H, 
ATOM,104,N, ,LEU,A,21, ,13.35400009608432,2.478999922777882,18.487000028005426,1.0,15.33,N,
ATOM,105,CA, ,LEU,A,21, ,12.4630000399417,2.568999992672576,17.306000007396918,1.0,15.35,C,
ATOM,106,C, ,LEU,A,21, ,12.26099993029089,1.1119999970361483,16.87899994126881,1.0,16.73,C,
ATOM,108,H, ,LEU,A,21, ,14.280475188494538,2.852356859736386,18.441253142377803,1.0, ,H, 
ATOM,109,HA, ,LEU,A,21, ,11.508638184225816,3.0627681712646195,17.517269662606566,1.0, ,H, 
ATOM,112,N, ,MET,A,22, ,11.178999999924308,0.8420000380303456,16.14999991946772,1.0,15.9,N,
ATOM,113,CA, ,MET,A,22, ,10.814000013867345,-0.5349999851193927,15.811999931967915,1.0,16.56,C,
ATOM,114,C, ,MET,A,22, ,10.884999985366527,-0.9199999296448163,14.334000093154241,1.0,18.7,C,
ATOM,116,H, ,MET,A,22, ,10.58384839613634,1.5964040025768873,15.813670048303665,1.0, ,H, 
ATOM,117,HA, ,MET,A,22, ,11.588315102901998,-1.1708223031646547,16.26217621204348,1.0, ,H, 
ATOM,120,N, ,ASN,A,23, ,11.578999918493162,-0.11499997012686293,13.555000019356457,1.0,19.6,N,
ATOM,121,CA, ,ASN,A,23, ,11.774000013067205,-0.5150000506195185,12.170000009435347,1.0,20.8,C,
ATOM,122,C, ,ASN,A,23, ,13.173000067075563,-0.08299991981733376,11.794000083367205,1.0,20.34,C,
ATOM,124,H, ,ASN,A,23, ,11.964428413021048,0.742912724047727,13.88744503590792,1.0, ,H, 
ATOM,125,HA, ,ASN,A,23, ,11.677520485975869,-1.6034277749070895,12.053803118525012,1.0, ,H, 
