RECORD,serial,name,altLoc,resName,chainID,resSeq,iCode,x,y,z,occupancy,tempFactor,element,charge
ATOM,96,N, ,ASP,A,20, ,15.154000053619038,2.4390000717447355,20.57400009403225,1.0,13.32,N,
ATOM,97,CA, ,ASP,A,20, ,13.918000064361376,1.6530000079874987,20.689000083413145,1.0,12.89,C,
ATOM,98,C, ,ASP,A,20, ,12.8860000196188,1.8959999746367402,19.586000043058373,1.0,14.81,C,
ATOM,101,HA, ,ASP,A,20, ,13.578672027126272,2.67315678133394,20.886762510255412,1.0, ,H, 
ATOM,104,N, ,LEU,A,21, ,13.353999921332635,2.4789999469922783,18.487000016661266,1.0,15.33,N,
ATOM,105,CA, ,LEU,A,21, ,12.46300004648536,2.5689999089814695,17.306000081102376,1.0,15.35,C,
ATOM,106,C, ,LEU,A,21, ,12.26100000174958,1.1119999134499974,16.87899994974392,1.0,16.73,C,
ATOM,108,H, ,LEU,A,21, ,14.280474964164755,2.8523570038545865,18.441253105546743,1.0, ,H, 
ATOM,109,HA, ,LEU,A,21, ,13.442976821655911,2.2349293700889152,16.94922167898372,1.0, ,H, 
ATOM,112,N, ,MET,A,22, ,11.179000010846279,0.8420000059012912,16.14999997869073,1.0,15.9,N,
ATOM,113,CA, ,MET,A,22, ,10.813999933596524,-0.5349999099026959,15.812000043219502,1.0,16.56,C,
ATOM,114,C, ,MET,A,22, ,10.885000002923512,-0.9200000721891931,14.333999961450473,1.0,18.7,C,
ATOM,116,H, ,MET,A,22, ,10.583848463151616,1.596404007613625,15.813670091631572,1.0, ,H, 
ATOM,117,HA, ,MET,A,22, ,10.000599709576118,0.07467076402347572,15.39585787365262,1.0, ,H, 
ATOM,120,N, ,ASN,A,23, ,11.579000051571997,-0.1150000169205903,13.554999911629187,1.0,19.6,N,
ATOM,121,CA, ,ASN,A,23, ,11.774000056304901,-0.514999992291339,12.170000093635078,1.0,20.8,C,
ATOM,122,C, ,ASN,A,23, ,13.173000032295848,-0.08300005942842438,11.793999969279382,1.0,20.34,C,
ATOM,124,H, ,ASN,A,23, ,11.964428609622743,0.7429126260532588,13.887444986663217,1.0, ,H, 
ATOM,125,HA, ,ASN,A,23, ,11.70900221793779,0.5816772524609061,12.146352060882977,1.0, ,H, 
