pdb,nnodes,nedges,num,idist,nsols,nbbsols,tsecs,min_eij,avg_eij,max_eij,min_rmsd,avg_rmsd,max_rmsd
"1dvjA_20 (21,22)",14,43,100,"[3.00, 3.20]",694,694,9.039973,2.393e-05,0.004595961181556195,0.009976,0.001313,1.3889552536023055,2.342
