pdb,nnodes,nedges,num,idist,nsols,nbbsols,tsecs,min_eij,avg_eij,max_eij,min_rmsd,avg_rmsd,max_rmsd
"1dysA_47 (48,49)",18,65,1000,"[4.22, 5.19]",756,166,12.906464,0.0001229,0.006593901204819276,0.009786,0.001848,0.3615676987951807,0.647
