pdb,nnodes,nedges,num,idist,nsols,nbbsols,tsecs,min_eij,avg_eij,max_eij,min_rmsd,avg_rmsd,max_rmsd
"1dysA_47 (48,49)",18,65,100,"[4.22, 5.19]",80,16,1.298017,0.001032,0.006422499999999999,0.00825,0.01579,0.40693124999999997,0.6407
