pdb,nnodes,nedges,num,idist,nsols,nbbsols,tsecs,min_eij,avg_eij,max_eij,min_rmsd,avg_rmsd,max_rmsd
"1eguA_404 (405,406)",18,68,1000,"[3.95, 5.27]",124,30,9.322335,0.0001721,0.0038525400000000007,0.008176,0.003548,0.07933053333333333,0.1675
