RECORD,serial,name,altLoc,resName,chainID,resSeq,iCode,x,y,z,occupancy,tempFactor,element,charge
ATOM,346,N, ,GLY,A,74, ,10.946000007432122,50.932999994047236,2.7600000105241613,1.0,10.27,N,
ATOM,347,CA, ,GLY,A,74, ,10.801000075291494,51.63700004472433,1.4950000712111957,1.0,13.02,C,
ATOM,348,C, ,GLY,A,74, ,10.49400008884272,50.740999955683705,0.3360000681916419,1.0,10.39,C,
ATOM,350,N, ,GLY,A,75, ,10.340000071859698,51.351999989431874,-0.8389999830446342,1.0,12.73,N,
ATOM,351,CA, ,GLY,A,75, ,9.987999950842026,50.58700000460146,-2.022999908566958,1.0,12.86,C,
ATOM,352,C, ,GLY,A,75, ,11.026999965645613,49.63600003035758,-2.5720000716715417,1.0,11.93,C,
ATOM,354,H, ,GLY,A,75, ,10.462554260298383,52.331071713912024,-0.9219261984020719,1.0, ,H, 
ATOM,354,N, ,LYS,A,76, ,12.272999935555392,49.78200008846069,-2.1269999851809773,1.0,12.53,N,
ATOM,355,CA, ,LYS,A,76, ,13.310000040607406,48.89799999504165,-2.6190000001389864,1.0,13.08,C,
ATOM,356,C, ,LYS,A,76, ,13.554000086500068,47.74300008257677,-1.6510000651341996,1.0,14.25,C,
ATOM,358,H, ,LYS,A,76, ,12.511831520786808,50.5018129461382,-1.448369880864579,1.0, ,H, 
ATOM,359,HA, ,LYS,A,76, ,12.972965168259073,48.457502488898506,-3.5653543596935346,1.0, ,H, 
ATOM,363,N, ,GLY,A,77, ,12.877000010800986,47.73100000938863,-0.5019999628044939,1.0,12.78,N,
ATOM,364,CA, ,GLY,A,77, ,13.028999952463394,46.54399991859429,0.3470000666065862,1.0,11.87,C,
ATOM,365,C, ,GLY,A,77, ,11.865999935422272,45.61300006390888,-0.03299997088019668,1.0,10.27,C,
ATOM,367,H, ,GLY,A,77, ,12.289663866233008,48.485974381594126,-0.21734378625693962,1.0, ,H, 
