RECORD,serial,name,altLoc,resName,chainID,resSeq,iCode,x,y,z,occupancy,tempFactor,element,charge
ATOM,962,N, ,ARG,A,123, ,17.465999961047658,29.26099993904992,18.96999997422307,1.0,6.19,N,
ATOM,963,CA, ,ARG,A,123, ,16.210000093465208,29.718000049082892,19.57100002921849,1.0,7.03,C,
ATOM,964,C, ,ARG,A,123, ,15.77599996270746,28.729999961427772,20.64300005514261,1.0,7.93,C,
ATOM,967,HA, ,ARG,A,123, ,16.34501557505108,30.696777430250823,20.044152695381285,1.0, ,H, 
ATOM,973,N, ,PHE,A,124, ,16.097000096754186,29.05499998191846,21.896000051693825,1.0,6.67,N,
ATOM,974,CA, ,PHE,A,124, ,15.894999933676667,28.125000015702632,22.992999927748976,1.0,5.98,C,
ATOM,975,C, ,PHE,A,124, ,14.448000001613789,28.165999994333973,23.467000031848162,1.0,5.98,C,
ATOM,977,H, ,PHE,A,124, ,16.48417908304289,29.94996799185658,22.100145026427217,1.0, ,H, 
ATOM,978,HA, ,PHE,A,124, ,16.119198284108954,27.107562267819695,22.62523588468336,1.0, ,H, 
ATOM,984,N, ,GLY,A,125, ,13.846999902258522,26.997999974748815,23.614999931072923,1.0,5.9,N,
ATOM,985,CA, ,GLY,A,125, ,12.420999986390049,26.883000037675036,23.85499996225198,1.0,6.04,C,
ATOM,986,C, ,GLY,A,125, ,11.640999967874604,26.96000003994459,22.55699996097716,1.0,6.16,C,
ATOM,988,H, ,GLY,A,125, ,14.386177171036259,26.145518756568073,23.561748702818722,1.0, ,H, 
ATOM,988,N, ,SER,A,126, ,10.434000000627092,27.51099996228431,22.60699993394821,1.0,4.61,N,
ATOM,989,CA, ,SER,A,126, ,9.556000023363865,27.53099995691795,21.43499997209761,1.0,6.14,C,
ATOM,990,C, ,SER,A,126, ,9.786000086503845,28.804999952856047,20.61900007440924,1.0,6.11,C,
ATOM,992,H, ,SER,A,126, ,10.102668411014557,27.925285446433037,23.455365594376914,1.0, ,H, 
ATOM,993,HA, ,SER,A,126, ,9.786356941510205,26.647771210271536,20.819373258483406,1.0, ,H, 
