pdb,nnodes,nedges,num,idist,nsols,nbbsols,tsecs,min_eij,avg_eij,max_eij,min_rmsd,avg_rmsd,max_rmsd
"1id0A_405 (406,407)",14,43,10,"[3.22, 3.42]",14,14,0.203686,7.282e-06,0.003093950285714286,0.008292,0.1168,1.0530571428571427,1.726
