RECORD,serial,name,altLoc,resName,chainID,resSeq,iCode,x,y,z,occupancy,tempFactor,element,charge
ATOM,594,N, ,THR,A,405, ,19.401000064344945,41.09200000908269,7.598999936516562,1.0,14.23,N,
ATOM,595,CA, ,THR,A,405, ,18.366999998042814,42.064000032479214,7.845999993434589,1.0,14.74,C,
ATOM,596,C, ,THR,A,405, ,18.800999993273354,43.31099992858552,7.102000070050368,1.0,16.23,C,
ATOM,599,HA, ,THR,A,405, ,17.379169405810984,41.72195984028747,7.503437861958884,1.0, ,H, 
ATOM,601,N, ,ASP,A,406, ,18.176999967252797,44.43899993782731,7.407000047732745,1.0,16.98,N,
ATOM,602,CA, ,ASP,A,406, ,18.53099999645353,45.6570000272553,6.7269999628829265,1.0,22.05,C,
ATOM,603,C, ,ASP,A,406, ,19.97100000510725,46.11299992149974,7.010000095359212,1.0,19.1,C,
ATOM,605,H, ,ASP,A,406, ,17.46558157986717,44.46116498489333,8.09959797324564,1.0, ,H, 
ATOM,606,HA, ,ASP,A,406, ,18.475293845192994,45.445692765368236,5.655049742477022,1.0, ,H, 
ATOM,609,N,A,GLU,A,407, ,20.427999950401862,45.97599990912557,8.248999979021287,0.5,16.74,N,
ATOM,611,CA,A,GLU,A,407, ,21.765000080104162,46.45099990968877,8.590999971980525,0.5,16.37,C,
ATOM,613,C,A,GLU,A,407, ,22.726999927623726,45.40000008410326,9.114000060209106,0.5,12.31,C,
ATOM,615,H, ,GLU,A,407, ,19.867898707405637,45.548881415483336,8.960834658570835,1.0, ,H, 
ATOM,616,HA, ,GLU,A,407, ,22.196432461388877,46.79690863495658,7.634660565189694,1.0, ,H, 
ATOM,627,N, ,HIS,A,408, ,22.246000012630684,44.17200006265158,9.270999907458146,1.0,12.24,N,
ATOM,628,CA, ,HIS,A,408, ,23.10999996108961,43.11199990722175,9.785000015620563,1.0,10.63,C,
ATOM,629,C, ,HIS,A,408, ,23.093999916139747,41.83699990397288,8.969999904394562,1.0,13.03,C,
ATOM,631,H, ,HIS,A,408, ,21.298901929696587,43.95725088310341,9.043122753513094,1.0, ,H, 
ATOM,632,HA, ,HIS,A,408, ,24.128854937474777,43.530552025338764,9.732846245802579,1.0, ,H, 
