pdb,nnodes,nedges,num,idist,nsols,nbbsols,tsecs,min_eij,avg_eij,max_eij,min_rmsd,avg_rmsd,max_rmsd
"1qnrA_195 (196,197)",19,76,100,"[4.65, 5.27]",6,4,0.233432,0.0004477,0.0037423499999999998,0.007037,0.01874,0.09162000000000001,0.1645
