RECORD,serial,name,altLoc,resName,chainID,resSeq,iCode,x,y,z,occupancy,tempFactor,element,charge
ATOM,352,N, ,GLY,A,44, ,35.718000000624,40.15900008544405,18.33900009123131,1.0,16.67,N,
ATOM,353,CA, ,GLY,A,44, ,34.897000043865205,38.97400008816319,18.133000098255206,1.0,18.34,C,
ATOM,354,C, ,GLY,A,44, ,35.540000094083304,37.6189999341112,18.285999935478667,1.0,16.9,C,
ATOM,356,N, ,ALA,A,45, ,36.80399994608718,37.52299993734115,18.68099991818292,1.0,16.37,N,
ATOM,357,CA, ,ALA,A,45, ,37.39799992502582,36.195000065082894,18.83599991159437,1.0,15.38,C,
ATOM,358,C, ,ALA,A,45, ,36.60299993344698,35.37600002464884,19.85099998472753,1.0,13.44,C,
ATOM,360,H, ,ALA,A,45, ,37.35908389724274,38.34113058548801,18.875000456269284,1.0, ,H, 
ATOM,361,HA, ,ALA,A,45, ,37.375380305071396,35.67501985526609,17.872180801334956,1.0, ,H, 
ATOM,361,N, ,ASP,A,46, ,36.32099996857683,34.117999907559415,19.527000033921418,1.0,12.15,N,
ATOM,362,CA, ,ASP,A,46, ,35.60599999754611,33.26199994105655,20.459999999262234,1.0,13.91,C,
ATOM,363,C, ,ASP,A,46, ,36.528000090764635,32.5790000159918,21.459000056275997,1.0,14.0,C,
ATOM,365,H, ,ASP,A,46, ,36.60085640068155,33.7349126138933,18.621900069757984,1.0, ,H, 
ATOM,366,HA, ,ASP,A,46, ,34.918023056849144,33.88908467233477,21.03401001214734,1.0, ,H, 
ATOM,369,N, ,ALA,A,47, ,37.778999994600646,32.39200006242448,21.045000070101448,1.0,14.1,N,
ATOM,370,CA, ,ALA,A,47, ,38.785999973337795,31.714999952089972,21.85300000383905,1.0,12.85,C,
ATOM,371,C, ,ALA,A,47, ,40.13599991094486,32.21500004299099,21.327999946464463,1.0,11.99,C,
ATOM,373,H, ,ALA,A,47, ,38.060036930538374,32.72977017920862,20.12873560342614,1.0, ,H, 
ATOM,374,HA, ,ALA,A,47, ,38.66474242977666,31.935713127169997,22.919403646991096,1.0, ,H, 
