RECORD,serial,name,altLoc,resName,chainID,resSeq,iCode,x,y,z,occupancy,tempFactor,element,charge
ATOM,688,N, ,GLY,A,95, ,-32.038999903861026,22.227000027022353,-0.5539999924099309,1.0,11.12,N,
ATOM,689,CA, ,GLY,A,95, ,-32.77600000274967,21.387000000633332,-1.4929999615976615,1.0,11.75,C,
ATOM,690,C, ,GLY,A,95, ,-32.45300004657342,19.90400006102238,-1.3659999267686982,1.0,11.91,C,
ATOM,692,N, ,ASN,A,96, ,-32.11800004678131,19.471999914678015,-0.14300004507512826,1.0,10.44,N,
ATOM,693,CA, ,ASN,A,96, ,-31.75600002774039,18.077999928644587,0.12899999987800415,1.0,10.32,C,
ATOM,694,C, ,ASN,A,96, ,-30.54799998629242,17.62799998875304,-0.6870000984240252,1.0,10.02,C,
ATOM,696,H, ,ASN,A,96, ,-32.10978124710877,20.117756481618944,0.6299988272833508,1.0, ,H, 
ATOM,697,HA, ,ASN,A,96, ,-32.139817710229195,18.055887282195155,-0.893466286712148,1.0, ,H, 
ATOM,700,N, ,ASN,A,97, ,-29.504999951130184,18.4370000239701,-0.6240000684929015,1.0,8.45,N,
ATOM,701,CA, ,ASN,A,97, ,-28.25800009185923,18.143999973469974,-1.30299992173176,1.0,8.36,C,
ATOM,702,C, ,ASN,A,97, ,-27.14699994297987,18.003000097780376,-0.27700008585884667,1.0,7.94,C,
ATOM,704,H, ,ASN,A,97, ,-29.56246487962155,19.29254281351625,-0.08869982424765244,1.0, ,H, 
ATOM,705,HA, ,ASN,A,97, ,-28.107718198933274,19.14379106143728,-0.8705557059917842,1.0, ,H, 
ATOM,708,N, ,LYS,A,98, ,-26.248000075287813,17.045000011097674,-0.4920000086881652,1.0,7.61,N,
ATOM,709,CA, ,LYS,A,98, ,-25.115999975797575,16.85900007227863,0.4159999857183986,1.0,7.39,C,
ATOM,710,C, ,LYS,A,98, ,-24.26499997680219,18.12399999465688,0.43499992092588907,1.0,7.64,C,
ATOM,712,H, ,LYS,A,98, ,-26.33323928629889,16.435874524565794,-1.2802631195299248,1.0, ,H, 
ATOM,713,HA, ,LYS,A,98, ,-24.645861647093568,16.95160515595444,-0.5692907274081356,1.0, ,H, 
