pdb,nnodes,nedges,num,idist,nsols,nbbsols,tsecs,min_eij,avg_eij,max_eij,min_rmsd,avg_rmsd,max_rmsd
"1thfD_121 (122,123)",14,43,100,"[3.41, 3.61]",172,172,1.177311,4.89e-07,0.0015495914767441861,0.009733,0.001544,0.4797724883720931,2.22
