RECORD,serial,name,altLoc,resName,chainID,resSeq,iCode,x,y,z,occupancy,tempFactor,element,charge
ATOM,350,N, ,VAL,A,47, ,-3.852000087122251,32.41200006498492,8.262000059156591,1.0,17.29,N,
ATOM,351,CA, ,VAL,A,47, ,-3.8349999916531567,31.749000042744708,9.57800006477262,1.0,15.28,C,
ATOM,352,C, ,VAL,A,47, ,-2.4040000795463796,31.717000009407577,10.120999923403376,1.0,13.52,C,
ATOM,355,HA, ,VAL,A,47, ,-3.2913962408443194,31.070024655917212,8.89499579873408,1.0, ,H, 
ATOM,357,N, ,GLY,A,48, ,-2.167000051783826,32.42999990125998,11.229999941292768,1.0,15.51,N,
ATOM,358,CA, ,GLY,A,48, ,-0.7680000414726031,32.459000051207816,11.709000084990999,1.0,16.24,C,
ATOM,359,C, ,GLY,A,48, ,-0.3700000461334333,31.115999942498384,12.316999992180882,1.0,15.45,C,
ATOM,361,H, ,GLY,A,48, ,-2.8976166848070113,32.93064798880574,11.728567575525954,1.0, ,H, 
ATOM,361,N, ,THR,A,49, ,0.9189999277334453,30.785000078078287,12.177000067725762,1.0,16.03,N,
ATOM,362,CA, ,THR,A,49, ,1.434999995519829,29.556999900185104,12.782999997773683,1.0,16.13,C,
ATOM,363,C, ,THR,A,49, ,2.804999935786749,29.90099992330106,13.3770000479998,1.0,17.15,C,
ATOM,365,H, ,THR,A,49, ,1.549858731488606,31.372440273485797,11.655573364152927,1.0, ,H, 
ATOM,366,HA, ,THR,A,49, ,2.0718529274840267,29.762180508865526,11.904943152502147,1.0, ,H, 
ATOM,368,N, ,PHE,A,50, ,3.164000015767829,29.32199998427107,14.530000059254268,1.0,16.48,N,
ATOM,369,CA, ,PHE,A,50, ,4.518000021206934,29.586999976303808,15.002999991752583,1.0,13.84,C,
ATOM,370,C, ,PHE,A,50, ,5.592000051278241,28.969000022379678,14.110999995040784,1.0,14.81,C,
ATOM,372,H, ,PHE,A,50, ,2.549936600138485,28.737036253861074,15.051096703800619,1.0, ,H, 
ATOM,373,HA, ,PHE,A,50, ,4.391584071316706,28.49085182991144,15.06816316181349,1.0, ,H, 
