pdb,nnodes,nedges,num,idist,nsols,nbbsols,tsecs,min_eij,avg_eij,max_eij,min_rmsd,avg_rmsd,max_rmsd
"1eguA_404 (405,406)",14,43,10,"[2.85, 3.05]",72,72,1.119087,0.000314,0.002702694444444444,0.008289,0.02111,0.10522305555555556,0.2072
