RECORD,serial,name,altLoc,resName,chainID,resSeq,iCode,x,y,z,occupancy,tempFactor,element,charge
ATOM,1905,N, ,TYR,A,404, ,6.002000086402337,-21.907999943522903,39.03900000152903,1.0,15.6,N,
ATOM,1906,CA, ,TYR,A,404, ,5.612999941115329,-20.7549999066699,38.23099996895096,1.0,15.87,C,
ATOM,1907,C, ,TYR,A,404, ,4.442000082645398,-20.916999978549185,37.26399993525642,1.0,16.08,C,
ATOM,1910,HA, ,TYR,A,404, ,6.008969695864076,-21.45842971765881,37.480287682534886,1.0, ,H, 
ATOM,1917,N, ,THR,A,405, ,3.521000090865288,-21.829999997894294,37.56099997018124,1.0,15.79,N,
ATOM,1918,CA, ,THR,A,405, ,2.371000049403942,-22.043000026464636,36.678999987365856,1.0,16.48,C,
ATOM,1919,C, ,THR,A,405, ,1.5820000090454074,-20.75400005999265,36.41399994949358,1.0,16.63,C,
ATOM,1921,H, ,THR,A,405, ,3.599310841840712,-22.38069644513514,38.38492495392678,1.0, ,H, 
ATOM,1922,HA, ,THR,A,405, ,1.8829248761223787,-21.768989659913146,37.620110748668495,1.0, ,H, 
ATOM,1924,N, ,GLY,A,406, ,1.4069999306438479,-19.95100006308268,37.46299995430518,1.0,16.51,N,
ATOM,1925,CA, ,GLY,A,406, ,0.6339999999735012,-18.72000000023373,37.37400009663888,1.0,17.55,C,
ATOM,1926,C, ,GLY,A,406, ,1.2220000287172916,-17.45599991162864,36.77199990369577,1.0,19.33,C,
ATOM,1928,H, ,GLY,A,406, ,1.8211389779742408,-20.191979616729085,38.364135954706306,1.0, ,H, 
ATOM,1928,N, ,ALA,A,407, ,2.388999903324559,-17.557000051319545,36.14400004815216,1.0,19.94,N,
ATOM,1929,CA, ,ALA,A,407, ,2.9989999162742302,-16.39499999402514,35.50999999127469,1.0,19.03,C,
ATOM,1930,C, ,ALA,A,407, ,3.6080000525808704,-16.84799998979823,34.186999957847014,1.0,20.13,C,
ATOM,1932,H, ,ALA,A,407, ,2.8784958899337187,-18.454501086674462,36.09580773601141,1.0, ,H, 
ATOM,1933,HA, ,ALA,A,407, ,3.8402392865767454,-17.045536371855235,35.79259907083686,1.0, ,H, 
