RECORD,serial,name,altLoc,resName,chainID,resSeq,iCode,x,y,z,occupancy,tempFactor,element,charge
ATOM,1526,N, ,ASP,A,195, ,19.7820000210809,42.300999912648585,8.342999932511246,1.0,9.14,N,
ATOM,1527,CA, ,ASP,A,195, ,18.499999915839872,43.00000006122559,8.524000024946885,1.0,8.81,C,
ATOM,1528,C, ,ASP,A,195, ,18.359999909690455,43.44400002488045,10.001000088989295,1.0,9.17,C,
ATOM,1531,HA, ,ASP,A,195, ,18.46741716496823,43.89143466926605,7.886334359109746,1.0, ,H, 
ATOM,1534,N, ,SER,A,196, ,18.499000024139693,44.75699999145288,10.27500001292504,1.0,8.56,N,
ATOM,1535,CA, ,SER,A,196, ,18.325000007738048,45.22899996473525,11.664000035400578,1.0,9.06,C,
ATOM,1536,C, ,SER,A,196, ,16.910999961907965,45.70799997377283,12.00700006666827,1.0,9.69,C,
ATOM,1538,H, ,SER,A,196, ,18.72172897124012,45.43049433840851,9.543009586778647,1.0, ,H, 
ATOM,1539,HA, ,SER,A,196, ,18.535710697700008,44.35100695630545,12.280424020842869,1.0, ,H, 
ATOM,1540,N, ,ASN,A,197, ,15.944999969069599,45.55199998447678,11.048000047868683,1.0,9.3,N,
ATOM,1541,CA, ,ASN,A,197, ,14.609000059628865,45.9920000250751,11.242999915139706,1.0,8.42,C,
ATOM,1542,C, ,ASN,A,197, ,13.700000014580636,44.95800003397054,11.911999913741184,1.0,8.44,C,
ATOM,1544,H, ,ASN,A,197, ,16.1721120131827,45.11630399501146,10.177580120180926,1.0, ,H, 
ATOM,1545,HA, ,ASN,A,197, ,14.703048729534506,46.86300917847516,11.903166095463257,1.0, ,H, 
ATOM,1548,N, ,HIS,A,198, ,14.006999967404356,43.66299993872839,11.731000054858068,1.0,8.95,N,
ATOM,1549,CA, ,HIS,A,198, ,13.030000070857547,42.584999957959695,12.111999915648965,1.0,7.46,C,
ATOM,1550,C, ,HIS,A,198, ,13.470999946927996,41.66699995246659,13.2300000027146,1.0,7.37,C,
ATOM,1552,H, ,HIS,A,198, ,14.905851568041314,43.39138186174536,11.3330874821837,1.0, ,H, 
ATOM,1553,HA, ,HIS,A,198, ,12.146408476588068,43.11076737596578,12.482487823116891,1.0, ,H, 
