RECORD,serial,name,altLoc,resName,chainID,resSeq,iCode,x,y,z,occupancy,tempFactor,element,charge
ATOM,1526,N, ,ASP,A,195, ,19.782000020483242,42.30099993843288,8.342999924400386,1.0,9.14,N,
ATOM,1527,CA, ,ASP,A,195, ,18.499999958345565,43.00000003852208,8.524000035997494,1.0,8.81,C,
ATOM,1528,C, ,ASP,A,195, ,18.360000029858334,43.4440000253812,10.000999958558415,1.0,9.17,C,
ATOM,1531,HA, ,ASP,A,195, ,18.406691122551823,42.06034115039515,9.081377316285273,1.0, ,H, 
ATOM,1534,N, ,SER,A,196, ,18.49899997730094,44.75700000370507,10.274999905412217,1.0,8.56,N,
ATOM,1535,CA, ,SER,A,196, ,18.325000015180777,45.228999967277694,11.664000041745473,1.0,9.06,C,
ATOM,1536,C, ,SER,A,196, ,16.910999978421515,45.70800009342715,12.006999972657376,1.0,9.69,C,
ATOM,1538,H, ,SER,A,196, ,18.721728773953846,45.43049439487103,9.54300947416521,1.0, ,H, 
ATOM,1539,HA, ,SER,A,196, ,18.1763596758307,46.144287027565355,11.084858526800907,1.0, ,H, 
ATOM,1540,N, ,ASN,A,197, ,15.944999913540963,45.552000064480346,11.048000083148013,1.0,9.3,N,
ATOM,1541,CA, ,ASN,A,197, ,14.609000099902246,45.991999956519024,11.24299995478407,1.0,8.42,C,
ATOM,1542,C, ,ASN,A,197, ,13.699999921278554,44.95799992166424,11.912000052680252,1.0,8.44,C,
ATOM,1544,H, ,ASN,A,197, ,16.17211191804559,45.11630404344954,10.177580160925885,1.0, ,H, 
ATOM,1545,HA, ,ASN,A,197, ,14.477210784434966,45.17486168984457,10.523112385280589,1.0, ,H, 
ATOM,1548,N, ,HIS,A,198, ,14.006999987675252,43.66300005447549,11.731000039687526,1.0,8.95,N,
ATOM,1549,CA, ,HIS,A,198, ,13.029999918166231,42.58499996794746,12.111999935821801,1.0,7.46,C,
ATOM,1550,C, ,HIS,A,198, ,13.471000037711683,41.667000008983514,13.229999924034912,1.0,7.37,C,
ATOM,1552,H, ,HIS,A,198, ,14.90585158213986,43.39138204331871,11.333087408136857,1.0, ,H, 
ATOM,1553,HA, ,HIS,A,198, ,13.875323852258887,42.03313362342888,11.693314185982802,1.0, ,H, 
