RECORD,serial,name,altLoc,resName,chainID,resSeq,iCode,x,y,z,occupancy,tempFactor,element,charge
ATOM,688,N, ,GLY,A,95, ,-32.03899994097169,22.226999922178877,-0.5540000471819337,1.0,11.12,N,
ATOM,689,CA, ,GLY,A,95, ,-32.775999990486284,21.386999923362104,-1.492999902594647,1.0,11.75,C,
ATOM,690,C, ,GLY,A,95, ,-32.452999944531925,19.904000065700863,-1.3659999886188903,1.0,11.91,C,
ATOM,692,N, ,ASN,A,96, ,-32.11800005764115,19.471999911547826,-0.14299999368761251,1.0,10.44,N,
ATOM,693,CA, ,ASN,A,96, ,-31.7559999983111,18.078000078194794,0.1289999293584476,1.0,10.32,C,
ATOM,694,C, ,ASN,A,96, ,-30.54799993873151,17.62799996890848,-0.6869999678055922,1.0,10.02,C,
ATOM,696,H, ,ASN,A,96, ,-32.10978136154346,20.11775644888159,0.6299989045056706,1.0, ,H, 
ATOM,697,HA, ,ASN,A,96, ,-31.465025969859546,18.015400079566245,1.1800268770034217,1.0, ,H, 
ATOM,700,N, ,ASN,A,97, ,-29.50499996146663,18.437000087196026,-0.6239999267431621,1.0,8.45,N,
ATOM,701,CA, ,ASN,A,97, ,-28.257999932109392,18.143999919915736,-1.3029999910990657,1.0,8.36,C,
ATOM,702,C, ,ASN,A,97, ,-27.147000013451663,18.003000007002704,-0.27700005139432976,1.0,7.94,C,
ATOM,704,H, ,ASN,A,97, ,-29.56246488607737,19.292542876601534,-0.08869968185653876,1.0, ,H, 
ATOM,705,HA, ,ASN,A,97, ,-28.376950716716497,17.209386792554263,-1.8700307483355545,1.0, ,H, 
ATOM,708,N, ,LYS,A,98, ,-26.247999951278505,17.045000067132158,-0.4919999204559456,1.0,7.61,N,
ATOM,709,CA, ,LYS,A,98, ,-25.115999963140087,16.85900001112805,0.4160000348272092,1.0,7.39,C,
ATOM,710,C, ,LYS,A,98, ,-24.265000036570605,18.123999991092585,0.4350000917725051,1.0,7.64,C,
ATOM,712,H, ,LYS,A,98, ,-26.333239020531725,16.435874683766297,-1.2802631263476427,1.0, ,H, 
ATOM,713,HA, ,LYS,A,98, ,-25.517236348386884,16.63505098247856,1.410615405075241,1.0, ,H, 
