pdb,nnodes,nedges,num,idist,nsols,nbbsols,tsecs,min_eij,avg_eij,max_eij,min_rmsd,avg_rmsd,max_rmsd
"1tcaA_95 (96,97)",14,43,100,"[2.19, 2.39]",106,106,1.336515,1.529e-06,0.0019920075283018867,0.007767,0.001472,0.24115494339622642,0.5972
