RECORD,serial,name,altLoc,resName,chainID,resSeq,iCode,x,y,z,occupancy,tempFactor,element,charge
ATOM,928,N, ,GLY,D,121, ,10.561999970436588,41.947000011036046,8.236000048876003,1.0,10.68,N,
ATOM,929,CA, ,GLY,D,121, ,10.33199995014168,40.61699994631951,7.675000053890437,1.0,11.05,C,
ATOM,930,C, ,GLY,D,121, ,10.802000079920894,39.56399999870834,8.684000035276572,1.0,10.06,C,
ATOM,932,N, ,SER,D,122, ,10.109999906268666,38.43299993649014,8.715000018576339,1.0,10.33,N,
ATOM,933,CA, ,SER,D,122, ,10.46000003242177,37.35199995485637,9.637999952605945,1.0,11.2,C,
ATOM,934,C, ,SER,D,122, ,11.866000029519942,36.83599991481127,9.436000052844786,1.0,12.06,C,
ATOM,936,H, ,SER,D,122, ,9.321686736630822,38.29885672881189,8.094861193763977,1.0, ,H, 
ATOM,937,HA, ,SER,D,122, ,10.398910797395002,37.77818291477564,10.650734196164812,1.0, ,H, 
ATOM,939,N, ,GLN,D,123, ,12.370000041179816,36.85799996462164,8.2039999204393,1.0,11.62,N,
ATOM,940,CA, ,GLN,D,123, ,13.717000009815903,36.35200001421432,7.939000029516799,1.0,13.41,C,
ATOM,941,C, ,GLN,D,123, ,14.797000016562873,37.160000038677616,8.620000017820987,1.0,12.93,C,
ATOM,943,H, ,GLN,D,123, ,11.821669095998967,37.230106867170086,7.421332660017698,1.0, ,H, 
ATOM,944,HA, ,GLN,D,123, ,13.766321106049777,35.3455834557301,8.371546171206242,1.0, ,H, 
ATOM,948,N, ,ALA,D,124, ,14.53399997532139,38.384999918971396,9.052999955007001,1.0,10.82,N,
ATOM,949,CA, ,ALA,D,124, ,15.495000047873047,39.207999988158036,9.756999951713054,1.0,11.13,C,
ATOM,950,C, ,ALA,D,124, ,15.599999903404125,38.85299997195197,11.233999925280745,1.0,10.86,C,
ATOM,952,H, ,ALA,D,124, ,13.603694058492836,38.785950166617035,8.888187007424705,1.0, ,H, 
ATOM,953,HA, ,ALA,D,124, ,16.480667716089265,39.01444776242164,9.298876289914334,1.0, ,H, 
