pdb,nnodes,nedges,num,idist,nsols,nbbsols,tsecs,min_eij,avg_eij,max_eij,min_rmsd,avg_rmsd,max_rmsd
"1ctqA_144 (146,148)",26,130,100,"[3.27, 3.47]",230,230,4.384444,9.899e-05,0.005803196434782608,0.009975,0.001558,6.874029808695653,8.763
