pdb,nnodes,nedges,num,idist,nsols,nbbsols,tsecs,min_eij,avg_eij,max_eij,min_rmsd,avg_rmsd,max_rmsd
"1d8wA_334 (336,338)",26,130,100,"[3.04, 3.24]",132,132,3.697394,0.0001572,0.0051397712121212125,0.009984,0.001709,2.674729378787879,3.704
