pdb,nnodes,nedges,num,idist,nsols,nbbsols,tsecs,min_eij,avg_eij,max_eij,min_rmsd,avg_rmsd,max_rmsd
"1ds1A_20 (22,24)",26,130,10,"[3.48, 3.68]",12,12,0.535420,0.003844,0.005039666666666666,0.006189,6.382,7.2123333333333335,7.687
