pdb,nnodes,nedges,num,idist,nsols,nbbsols,tsecs,min_eij,avg_eij,max_eij,min_rmsd,avg_rmsd,max_rmsd
"1ds1A_20 (22,24)",26,130,100,"[3.48, 3.68]",210,210,5.057448,0.0001761,0.004990664761904762,0.009992,0.008804,6.977687761904761,9.832
