pdb,nnodes,nedges,num,idist,nsols,nbbsols,tsecs,min_eij,avg_eij,max_eij,min_rmsd,avg_rmsd,max_rmsd
"1gk8A_122 (124,126)",26,130,10,"[2.75, 2.95]",14,14,0.949962,0.004172,0.006056142857142858,0.009201,9.332,11.990428571428572,14.36
