pdb,nnodes,nedges,num,idist,nsols,nbbsols,tsecs,min_eij,avg_eij,max_eij,min_rmsd,avg_rmsd,max_rmsd
"1qopB_14 (16,18)",26,130,1000,"[2.08, 2.28]",428,428,56.453376,1.096e-05,0.005121013037383178,0.009996,0.0009626,5.0817749654205615,6.35
