pdb,nnodes,nedges,num,idist,nsols,nbbsols,tsecs,min_eij,avg_eij,max_eij,min_rmsd,avg_rmsd,max_rmsd
"1cruA_85 (87,89)",26,130,100,"[3.48, 3.68]",106,106,5.774237,0.0009311,0.004217549056603774,0.009509,0.007022,9.583868339622642,12.56
