pdb,nnodes,nedges,num,idist,nsols,nbbsols,tsecs,min_eij,avg_eij,max_eij,min_rmsd,avg_rmsd,max_rmsd
"1d8wA_334 (336,338)",39,208,1000,"[3.04, 3.24]",400,50,36.975696,4.116e-05,0.0049709383999999995,0.00977,0.0002053,0.038216252,0.07903
