pdb,nnodes,nedges,num,idist,nsols,nbbsols,tsecs,min_eij,avg_eij,max_eij,min_rmsd,avg_rmsd,max_rmsd
"1ds1A_20 (22,24)",26,130,1000,"[3.48, 3.68]",2138,2138,50.567414,9.986e-06,0.0050758735397567825,0.00998,0.001202,6.980521298877456,9.862
