pdb,nnodes,nedges,num,idist,nsols,nbbsols,tsecs,min_eij,avg_eij,max_eij,min_rmsd,avg_rmsd,max_rmsd
"1ds1A_20 (22,24)",37,194,1000,"[3.48, 3.68]",800,52,35.066310,0.0001016,0.0051572423076923085,0.009666,0.001776,0.09458775000000001,0.1896
