pdb,nnodes,nedges,num,idist,nsols,nbbsols,tsecs,min_eij,avg_eij,max_eij,min_rmsd,avg_rmsd,max_rmsd
"1ixhA_106 (108,110)",39,215,1000,"[2.27, 2.47]",312,104,16.310642,4.095e-05,0.0031437236538461536,0.006145,0.001082,0.04247315384615385,0.08357
