pdb,nnodes,nedges,num,idist,nsols,nbbsols,tsecs,min_eij,avg_eij,max_eij,min_rmsd,avg_rmsd,max_rmsd
"1ixhA_106 (108,110)",26,130,100,"[2.27, 2.47]",110,110,5.892875,0.0001151,0.005058763636363635,0.009977,0.006737,5.249588963636363,10.8
