pdb,nnodes,nedges,num,idist,nsols,nbbsols,tsecs,min_eij,avg_eij,max_eij,min_rmsd,avg_rmsd,max_rmsd
"1lamA_420 (422,424)",38,197,100,"[2.47, 2.67]",368,12,7.824401,0.0001645,0.0050630833333333335,0.00982,0.001349,0.0444115,0.0937
