pdb,nnodes,nedges,num,idist,nsols,nbbsols,tsecs,min_eij,avg_eij,max_eij,min_rmsd,avg_rmsd,max_rmsd
"3chbD_51 (53,55)",26,130,1000,"[3.13, 3.33]",1936,1935,66.929231,1.546e-05,0.005207366563307493,0.009993,0.001189,4.493074642894057,5.975
