pdb,nnodes,nedges,num,idist,nsols,nbbsols,tsecs,min_eij,avg_eij,max_eij,min_rmsd,avg_rmsd,max_rmsd
"1ds1A_282 (285,288)",38,271,10,"[2.73, 2.93]",36,36,0.774871,0.001591,0.005780055555555556,0.009359,0.1053,0.8510833333333333,2.884
