pdb,nnodes,nedges,num,idist,nsols,nbbsols,tsecs,min_eij,avg_eij,max_eij,min_rmsd,avg_rmsd,max_rmsd
"1qopA_178 (181,184)",56,373,1000,"[8.37, 10.59]",256,8,76.693961,0.0003235,0.003912375000000001,0.007813,0.01172,0.14075500000000002,0.2793
