pdb,nnodes,nedges,num,idist,nsols,nbbsols,tsecs,min_eij,avg_eij,max_eij,min_rmsd,avg_rmsd,max_rmsd
"1d4oA_88 (91,94)",58,402,1000,"[3.42, 3.62]",904,226,195.016557,8.147e-05,0.004300442300884956,0.009988,0.002093,0.1588757168141593,0.3714
