pdb,nnodes,nedges,num,idist,nsols,nbbsols,tsecs,min_eij,avg_eij,max_eij,min_rmsd,avg_rmsd,max_rmsd
"1ds1A_282 (285,288)",56,378,1000,"[2.73, 2.93]",2648,662,111.536012,0.0001192,0.0016236936555891238,0.004209,0.002068,0.15788348942598185,0.3852
