pdb,nnodes,nedges,num,idist,nsols,nbbsols,tsecs,min_eij,avg_eij,max_eij,min_rmsd,avg_rmsd,max_rmsd
"1dysA_291 (294,297)",56,375,1000,"[2.37, 2.57]",704,44,64.385103,4.788e-05,0.005155194545454545,0.00999,0.0009204,0.10300501818181819,0.1991
