pdb,nnodes,nedges,num,idist,nsols,nbbsols,tsecs,min_eij,avg_eij,max_eij,min_rmsd,avg_rmsd,max_rmsd
"1eguA_508 (511,514)",38,271,1000,"[3.35, 3.55]",718,718,52.129931,2.229e-05,0.0049632585515320335,0.009952,0.001849,15.454911362116992,19.43
