pdb,nnodes,nedges,num,idist,nsols,nbbsols,tsecs,min_eij,avg_eij,max_eij,min_rmsd,avg_rmsd,max_rmsd
"1eguA_508 (511,514)",59,406,1000,"[3.35, 3.55]",160,10,9.740975,0.0002872,0.00440204,0.007438,0.002301,0.03465819999999999,0.05882
