pdb,nnodes,nedges,num,idist,nsols,nbbsols,tsecs,min_eij,avg_eij,max_eij,min_rmsd,avg_rmsd,max_rmsd
"1f74A_11 (14,17)",58,401,1000,"[3.49, 3.69]",432,26,29.738726,8.245e-05,0.002706473076923077,0.008543,0.008484,0.2320887692307692,0.5808
