pdb,nnodes,nedges,num,idist,nsols,nbbsols,tsecs,min_eij,avg_eij,max_eij,min_rmsd,avg_rmsd,max_rmsd
"1q1wA_31 (34,37)",38,271,1000,"[3.40, 3.60]",128,128,33.817794,0.0003701,0.0079104796875,0.009736,0.004006,3.7363649375000003,4.936
