pdb,nnodes,nedges,num,idist,nsols,nbbsols,tsecs,min_eij,avg_eij,max_eij,min_rmsd,avg_rmsd,max_rmsd
"1qopA_178 (181,184)",38,271,100,"[3.38, 3.58]",46,46,18.388799,0.0002062,0.004773165217391304,0.009571,0.001451,6.809117434782609,14.77
