pdb,nnodes,nedges,num,idist,nsols,nbbsols,tsecs,min_eij,avg_eij,max_eij,min_rmsd,avg_rmsd,max_rmsd
"1d8wA_334 (336,338)",39,209,1000,"[7.28, 7.54]",3904,36,171.987542,0.0005401,0.0049847277777777775,0.009587,0.01012,0.09096055555555556,0.1711
