pdb,nnodes,nedges,num,idist,nsols,nbbsols,tsecs,min_eij,avg_eij,max_eij,min_rmsd,avg_rmsd,max_rmsd
"1d8wA_334 (336,338)",26,130,1000,"[3.04, 3.24]",1290,1290,34.609123,4.116e-05,0.005106099581395349,0.009945,0.0001186,2.695510098604651,3.705
