pdb,nnodes,nedges,num,idist,nsols,nbbsols,tsecs,min_eij,avg_eij,max_eij,min_rmsd,avg_rmsd,max_rmsd
"1gk8A_122 (124,126)",37,201,1000,"[5.68, 7.34]",72,20,53.296964,0.0009572,0.00490462,0.008918,0.005182,0.026447600000000005,0.04932
