pdb,nnodes,nedges,num,idist,nsols,nbbsols,tsecs,min_eij,avg_eij,max_eij,min_rmsd,avg_rmsd,max_rmsd
"1i0hA_145 (147,149)",37,199,1000,"[4.69, 5.76]",96,6,23.314292,0.00215,0.0053820000000000005,0.009047,0.01996,0.05002000000000001,0.08401
