pdb,nnodes,nedges,num,idist,nsols,nbbsols,tsecs,min_eij,avg_eij,max_eij,min_rmsd,avg_rmsd,max_rmsd
"1ixhA_106 (108,110)",39,216,1000,"[5.67, 6.89]",28,24,72.896040,0.0005647,0.004238283333333333,0.009455,0.00795,0.0616575,0.1402
