pdb,nnodes,nedges,num,idist,nsols,nbbsols,tsecs,min_eij,avg_eij,max_eij,min_rmsd,avg_rmsd,max_rmsd
"1qopA_14 (16,18)",37,195,1000,"[7.00, 7.47]",608,76,48.131137,3.777e-05,0.004739933026315791,0.009907,0.0002307,2.9364502289473684,7.396
