pdb,nnodes,nedges,num,idist,nsols,nbbsols,tsecs,min_eij,avg_eij,max_eij,min_rmsd,avg_rmsd,max_rmsd
"1d4oA_88 (91,94)",38,271,1000,"[3.42, 3.62]",1378,1377,89.234762,8.147e-05,0.004984133565722585,0.009988,0.002075,9.424090649237472,18.64
