pdb,nnodes,nedges,num,idist,nsols,nbbsols,tsecs,min_eij,avg_eij,max_eij,min_rmsd,avg_rmsd,max_rmsd
"1d8wA_46 (49,52)",38,271,100,"[2.65, 2.85]",36,36,4.239186,0.0002994,0.005030616666666666,0.009577,0.002056,8.82334033333333,12.75
