RECORD,serial,name,altLoc,resName,chainID,resSeq,iCode,x,y,z,occupancy,tempFactor,element,charge
ATOM,350,N, ,VAL,A,47, ,-3.8519999799494506,32.412000004646615,8.262000082489184,1.0,17.29,N,
ATOM,351,CA, ,VAL,A,47, ,-3.8350000665287056,31.748999952540487,9.577999941873834,1.0,15.28,C,
ATOM,352,C, ,VAL,A,47, ,-2.4040000057388897,31.716999939203095,10.120999911352502,1.0,13.52,C,
ATOM,355,HA, ,VAL,A,47, ,-4.471811635491227,32.31087662176907,10.286359367201058,1.0, ,H, 
ATOM,357,N, ,GLY,A,48, ,-2.1669999398906308,32.43000006486745,11.230000085192847,1.0,15.51,N,
ATOM,358,CA, ,GLY,A,48, ,-0.7680000214105561,32.45899996473129,11.708999946904973,1.0,16.24,C,
ATOM,359,C, ,GLY,A,48, ,-0.3700000882995367,31.11600007481138,12.31700009782508,1.0,15.45,C,
ATOM,361,H, ,GLY,A,48, ,-2.897616488816136,32.93064824796616,11.728567746713704,1.0, ,H, 
ATOM,361,N, ,THR,A,49, ,0.9190000927574445,30.784999980988733,12.1770000943354,1.0,16.03,N,
ATOM,362,CA, ,THR,A,49, ,1.4349999753510239,29.55699991764972,12.783000015744522,1.0,16.13,C,
ATOM,363,C, ,THR,A,49, ,2.804999995936704,29.900999907990737,13.376999928070102,1.0,17.15,C,
ATOM,365,H, ,THR,A,49, ,1.5498589318753806,31.37244004060194,11.655573280560882,1.0, ,H, 
ATOM,366,HA, ,THR,A,49, ,0.7654886057913906,29.18052826021256,13.575898609408911,1.0, ,H, 
ATOM,368,N, ,PHE,A,50, ,3.164000002498207,29.322000038205818,14.530000062090267,1.0,16.48,N,
ATOM,369,CA, ,PHE,A,50, ,4.518000097174893,29.587000066734348,15.00300000234892,1.0,13.84,C,
ATOM,370,C, ,PHE,A,50, ,5.591999968891464,28.968999932345273,14.111000098379101,1.0,14.81,C,
ATOM,372,H, ,PHE,A,50, ,2.549936549032987,28.737036387755712,15.051096751810592,1.0, ,H, 
ATOM,373,HA, ,PHE,A,50, ,4.659912700431611,30.682829772038318,15.031036763373978,1.0, ,H, 
