RECORD,serial,name,altLoc,resName,chainID,resSeq,iCode,x,y,z,occupancy,tempFactor,element,charge
ATOM,1905,N, ,TYR,A,404, ,6.0019999324699045,-21.9079999072886,39.038999919898934,1.0,15.6,N,
ATOM,1906,CA, ,TYR,A,404, ,5.612999902231061,-20.754999983157106,38.2310000812164,1.0,15.87,C,
ATOM,1907,C, ,TYR,A,404, ,4.441999966198521,-20.91700004844265,37.26400003656155,1.0,16.08,C,
ATOM,1910,HA, ,TYR,A,404, ,5.2404331782458184,-20.030402720218763,38.973514273242984,1.0, ,H, 
ATOM,1917,N, ,THR,A,405, ,3.521000069006715,-21.8299999508981,37.56099999823804,1.0,15.79,N,
ATOM,1918,CA, ,THR,A,405, ,2.3709999081076925,-22.043000040905522,36.679000088686585,1.0,16.48,C,
ATOM,1919,C, ,THR,A,405, ,1.5820000132262173,-20.753999965198865,36.41399994931745,1.0,16.63,C,
ATOM,1921,H, ,THR,A,405, ,3.599310866589982,-22.380696414299024,38.38492496675258,1.0, ,H, 
ATOM,1922,HA, ,THR,A,405, ,2.800806210796128,-22.413200988044125,35.74240715592544,1.0, ,H, 
ATOM,1924,N, ,GLY,A,406, ,1.4069999308743153,-19.95099999432834,37.463000048412844,1.0,16.51,N,
ATOM,1925,CA, ,GLY,A,406, ,0.6340000183847198,-18.72000009128242,37.37399995490007,1.0,17.55,C,
ATOM,1926,C, ,GLY,A,406, ,1.2219999349890327,-17.456000035277054,36.772000084301645,1.0,19.33,C,
ATOM,1928,H, ,GLY,A,406, ,1.821138931875251,-20.191979508738953,38.36413608059814,1.0, ,H, 
ATOM,1928,N, ,ALA,A,407, ,2.389000088271195,-17.557000024812464,36.144000058853834,1.0,19.94,N,
ATOM,1929,CA, ,ALA,A,407, ,2.9989999013184314,-16.394999941174508,35.50999996051168,1.0,19.03,C,
ATOM,1930,C, ,ALA,A,407, ,3.6080000391572398,-16.847999962806192,34.18699999495334,1.0,20.13,C,
ATOM,1932,H, ,ALA,A,407, ,2.878496194597207,-18.454500994287606,36.09580773579348,1.0, ,H, 
ATOM,1933,HA, ,ALA,A,407, ,2.239558889596341,-15.620094278263974,35.32693150309652,1.0, ,H, 
