pdb,nnodes,nedges,num,idist,nsols,nbbsols,tsecs,min_eij,avg_eij,max_eij,min_rmsd,avg_rmsd,max_rmsd
"1eguA_404 (405,406)",14,43,100,"[2.85, 3.05]",778,778,10.876735,5.174e-06,0.0030182389048843193,0.009965,0.000211,0.10608061182519282,0.2418
