pdb,nnodes,nedges,num,idist,nsols,nbbsols,tsecs,min_eij,avg_eij,max_eij,min_rmsd,avg_rmsd,max_rmsd
"1eguA_404 (405,406)",18,67,1000,"[2.85, 3.05]",934,934,135.658877,1.714e-07,0.0002690178809421842,0.000572,5.384e-05,0.01749185961456103,0.04183
