pdb,nnodes,nedges,num,idist,nsols,nbbsols,tsecs,min_eij,avg_eij,max_eij,min_rmsd,avg_rmsd,max_rmsd
"1eguA_404 (405,406)",18,67,100,"[2.85, 3.05]",92,92,16.218798,5.174e-06,0.00026885291304347826,0.0005488,0.0002632,0.01743009130434783,0.03996
