RECORD,serial,name,altLoc,resName,chainID,resSeq,iCode,x,y,z,occupancy,tempFactor,element,charge
ATOM,346,N, ,GLY,A,74, ,10.946000043046041,50.933000026641125,2.760000055606059,1.0,10.27,N,
ATOM,347,CA, ,GLY,A,74, ,10.800999935179776,51.636999956619995,1.4950000869070745,1.0,13.02,C,
ATOM,348,C, ,GLY,A,74, ,10.494000018752729,50.74099999358428,0.3360000581681414,1.0,10.39,C,
ATOM,350,N, ,GLY,A,75, ,10.340000092219269,51.352000029633714,-0.8390000490421985,1.0,12.73,N,
ATOM,351,CA, ,GLY,A,75, ,9.988000073980999,50.58700000834203,-2.0229999921499564,1.0,12.86,C,
ATOM,352,C, ,GLY,A,75, ,11.027000070608045,49.63599998950008,-2.5719999377944704,1.0,11.93,C,
ATOM,354,H, ,GLY,A,75, ,10.462554209070476,52.33107176363825,-0.9219262577466087,1.0, ,H, 
ATOM,354,N, ,LYS,A,76, ,12.273000082057635,49.782000059927746,-2.127000025603247,1.0,12.53,N,
ATOM,355,CA, ,LYS,A,76, ,13.310000092446879,48.89800003334921,-2.6190000273097795,1.0,13.08,C,
ATOM,356,C, ,LYS,A,76, ,13.554000090738267,47.742999925635374,-1.6509999089773766,1.0,14.25,C,
ATOM,358,H, ,LYS,A,76, ,12.511831732601777,50.50181296769559,-1.4483699974025557,1.0, ,H, 
ATOM,359,HA, ,LYS,A,76, ,13.754689228389674,49.39299188368289,-1.746961167841473,1.0, ,H, 
ATOM,363,N, ,GLY,A,77, ,12.876999974769948,47.73099996684107,-0.5020000618638797,1.0,12.78,N,
ATOM,364,CA, ,GLY,A,77, ,13.029000044792614,46.544000010532145,0.34700006986562804,1.0,11.87,C,
ATOM,365,C, ,GLY,A,77, ,11.865999903755649,45.61300000810524,-0.03299994994842299,1.0,10.27,C,
ATOM,367,H, ,GLY,A,77, ,12.289663746523548,48.485974321768225,-0.2173440121453382,1.0, ,H, 
