pdb,nnodes,nedges,num,idist,nsols,nbbsols,tsecs,min_eij,avg_eij,max_eij,min_rmsd,avg_rmsd,max_rmsd
"1i0hA_123 (124,125)",18,63,1000,"[2.11, 2.31]",1552,776,79.612029,1.336e-05,0.005267926701030928,0.009993,0.0001768,0.27979653041237107,1.61
