RECORD,serial,name,altLoc,resName,chainID,resSeq,iCode,x,y,z,occupancy,tempFactor,element,charge
ATOM,962,N, ,ARG,A,123, ,17.465999907513876,29.26100006302776,18.969999980866177,1.0,6.19,N,
ATOM,963,CA, ,ARG,A,123, ,16.20999998389239,29.71799993856062,19.571000098685424,1.0,7.03,C,
ATOM,964,C, ,ARG,A,123, ,15.775999997168915,28.72999995229129,20.643000031421217,1.0,7.93,C,
ATOM,967,HA, ,ARG,A,123, ,15.968175088637912,28.810743869585643,19.006628826388535,1.0, ,H, 
ATOM,973,N, ,PHE,A,124, ,16.09700002699936,29.05500008743218,21.89600008101694,1.0,6.67,N,
ATOM,974,CA, ,PHE,A,124, ,15.89499997651866,28.124999943558805,22.992999993025347,1.0,5.98,C,
ATOM,975,C, ,PHE,A,124, ,14.447999954791875,28.165999926627165,23.467000028334134,1.0,5.98,C,
ATOM,977,H, ,PHE,A,124, ,16.484178767259987,29.94996819546963,22.1001450922984,1.0, ,H, 
ATOM,978,HA, ,PHE,A,124, ,15.77883625183751,29.119974841234125,23.45907488463593,1.0, ,H, 
ATOM,984,N, ,GLY,A,125, ,13.847000061162056,26.997999987179718,23.614999915525214,1.0,5.9,N,
ATOM,985,CA, ,GLY,A,125, ,12.420999994198075,26.882999973376254,23.855000025531794,1.0,6.04,C,
ATOM,986,C, ,GLY,A,125, ,11.641000073953247,26.95999999539218,22.55700006478754,1.0,6.16,C,
ATOM,988,H, ,GLY,A,125, ,14.386177398962142,26.145518811809907,23.561748700787522,1.0, ,H, 
ATOM,988,N, ,SER,A,126, ,10.43400002451568,27.511000016099118,22.6069999425913,1.0,4.61,N,
ATOM,989,CA, ,SER,A,126, ,9.556000092200728,27.530999984586863,21.435000008732004,1.0,6.14,C,
ATOM,990,C, ,SER,A,126, ,9.785999933413903,28.805000082387707,20.619000097932854,1.0,6.11,C,
ATOM,992,H, ,SER,A,126, ,10.102668428390922,27.92528557294235,23.455365564977463,1.0, ,H, 
ATOM,993,HA, ,SER,A,126, ,9.195621805266343,28.362702192031698,22.059942012115936,1.0, ,H, 
