pdb,nnodes,nedges,num,idist,nsols,nbbsols,tsecs,min_eij,avg_eij,max_eij,min_rmsd,avg_rmsd,max_rmsd
"1i0hA_123 (124,125)",18,63,10,"[2.11, 2.31]",16,8,0.990529,0.002793,0.0054564999999999995,0.008171,0.09269,0.5125474999999999,1.527
