RECORD,serial,name,altLoc,resName,chainID,resSeq,iCode,x,y,z,occupancy,tempFactor,element,charge
ATOM,594,N, ,THR,A,405, ,19.400999998371315,41.0919999175246,7.5989999538613775,1.0,14.23,N,
ATOM,595,CA, ,THR,A,405, ,18.366999936436876,42.06399996531881,7.8460000176194225,1.0,14.74,C,
ATOM,596,C, ,THR,A,405, ,18.80100004416402,43.31099993613656,7.1019999391465705,1.0,16.23,C,
ATOM,599,HA, ,THR,A,405, ,19.266522698965783,42.41762364724779,8.37131770932244,1.0, ,H, 
ATOM,601,N, ,ASP,A,406, ,18.177000021145215,44.43899997499447,7.406999917019765,1.0,16.98,N,
ATOM,602,CA, ,ASP,A,406, ,18.530999977443596,45.6569999708998,6.7269999384037495,1.0,22.05,C,
ATOM,603,C, ,ASP,A,406, ,19.971000060323895,46.11299994100795,7.010000068673718,1.0,19.1,C,
ATOM,605,H, ,ASP,A,406, ,17.465581636582563,44.461165007884624,8.099597845886008,1.0, ,H, 
ATOM,606,HA, ,ASP,A,406, ,18.510199930225184,45.94330102038749,7.782665736059757,1.0, ,H, 
ATOM,609,N,A,GLU,A,407, ,20.428000028565005,45.97599999592274,8.249000025601685,0.5,16.74,N,
ATOM,611,CA,A,GLU,A,407, ,21.76499994904893,46.45100002432267,8.590999920365132,0.5,16.37,C,
ATOM,613,C,A,GLU,A,407, ,22.72700001935703,45.400000054238944,9.113999997780866,0.5,12.31,C,
ATOM,615,H, ,GLU,A,407, ,19.867898813182478,45.548881505169916,8.960834728612557,1.0, ,H, 
ATOM,616,HA, ,GLU,A,407, ,21.340069321781687,46.16845292996561,9.570781992205134,1.0, ,H, 
ATOM,627,N, ,HIS,A,408, ,22.245999904934546,44.171999972712236,9.270999977424289,1.0,12.24,N,
ATOM,628,CA, ,HIS,A,408, ,23.110000056576265,43.112000094344424,9.784999972802314,1.0,10.63,C,
ATOM,629,C, ,HIS,A,408, ,23.094000025680685,41.83699995056554,8.969999905455815,1.0,13.03,C,
ATOM,631,H, ,HIS,A,408, ,21.298901779339047,43.95725077169849,9.043123021016655,1.0, ,H, 
ATOM,632,HA, ,HIS,A,408, ,22.102128460038283,42.685941767807684,9.921530194628748,1.0, ,H, 
