pdb,nnodes,nedges,num,idist,nsols,nbbsols,tsecs,min_eij,avg_eij,max_eij,min_rmsd,avg_rmsd,max_rmsd
"1id0A_405 (406,407)",19,75,1000,"[3.22, 3.42]",168,84,9.028894,1.114e-06,0.0011886710476190477,0.004255,0.0002058,0.06400006666666666,0.1605
