pdb,nnodes,nedges,num,idist,nsols,nbbsols,tsecs,min_eij,avg_eij,max_eij,min_rmsd,avg_rmsd,max_rmsd
"1qnrA_195 (196,197)",19,75,1000,"[3.45, 3.65]",94,58,6.692469,3.039e-07,0.0006085877896551725,0.0008914,0.001398,0.12729613793103448,0.2675
