pdb,nnodes,nedges,num,idist,nsols,nbbsols,tsecs,min_eij,avg_eij,max_eij,min_rmsd,avg_rmsd,max_rmsd
"1qnrA_195 (196,197)",14,43,1000,"[3.45, 3.65]",1088,1088,8.850012,3.039e-07,0.003440146380330882,0.009987,0.001009,0.6332582702205882,1.093
