RECORD,serial,name,altLoc,resName,chainID,resSeq,iCode,x,y,z,occupancy,tempFactor,element,charge
ATOM,352,N, ,GLY,A,44, ,35.71800002493225,40.15900003656932,18.33900009340805,1.0,16.67,N,
ATOM,353,CA, ,GLY,A,44, ,34.89700005635219,38.974000040762185,18.133000055930744,1.0,18.34,C,
ATOM,354,C, ,GLY,A,44, ,35.53999993043385,37.61900007113356,18.285999972717065,1.0,16.9,C,
ATOM,356,N, ,ALA,A,45, ,36.80400000321217,37.52300006960869,18.6810000338496,1.0,16.37,N,
ATOM,357,CA, ,ALA,A,45, ,37.398000097729,36.195000027573506,18.83599993077956,1.0,15.38,C,
ATOM,358,C, ,ALA,A,45, ,36.60300006731303,35.375999930113736,19.85100008572913,1.0,13.44,C,
ATOM,360,H, ,ALA,A,45, ,37.35908394552966,38.341130720434926,18.87500058592448,1.0, ,H, 
ATOM,361,HA, ,ALA,A,45, ,37.562688021437985,36.70093493902369,19.793468518394622,1.0, ,H, 
ATOM,361,N, ,ASP,A,46, ,36.32099997254226,34.11799991537427,19.527000079754938,1.0,12.15,N,
ATOM,362,CA, ,ASP,A,46, ,35.60600008322085,33.262000036781444,20.459999939777486,1.0,13.91,C,
ATOM,363,C, ,ASP,A,46, ,36.527999968006405,32.57900005705364,21.458999949610575,1.0,14.0,C,
ATOM,365,H, ,ASP,A,46, ,36.60085625545634,33.73491267655552,18.621900046247482,1.0, ,H, 
ATOM,366,HA, ,ASP,A,46, ,36.20841212235172,32.58231387486753,19.850769702151087,1.0, ,H, 
ATOM,369,N, ,ALA,A,47, ,37.77899993576236,32.3920000106339,21.044999972922884,1.0,14.1,N,
ATOM,370,CA, ,ALA,A,47, ,38.78599996954074,31.715000078336164,21.852999943617398,1.0,12.85,C,
ATOM,371,C, ,ALA,A,47, ,40.13599997793,32.215000029478865,21.32800003570421,1.0,11.99,C,
ATOM,373,H, ,ALA,A,47, ,38.06003683542419,32.729769963042145,20.128735434525797,1.0, ,H, 
ATOM,374,HA, ,ALA,A,47, ,38.88189387223174,31.298115680839448,20.8442154343178,1.0, ,H, 
