RECORD,serial,name,altLoc,resName,chainID,resSeq,iCode,x,y,z,occupancy,tempFactor,element,charge
ATOM,928,N, ,GLY,D,121, ,10.562000090557047,41.946999923942535,8.23599993982384,1.0,10.68,N,
ATOM,929,CA, ,GLY,D,121, ,10.332000088925813,40.61699995522638,7.675000012215179,1.0,11.05,C,
ATOM,930,C, ,GLY,D,121, ,10.801999977236829,39.56400000276827,8.683999958003374,1.0,10.06,C,
ATOM,932,N, ,SER,D,122, ,10.109999923706141,38.43300001178251,8.71500003162037,1.0,10.33,N,
ATOM,933,CA, ,SER,D,122, ,10.45999992168968,37.35200007285972,9.637999926814771,1.0,11.2,C,
ATOM,934,C, ,SER,D,122, ,11.86600005110158,36.836000012229334,9.436000061467649,1.0,12.06,C,
ATOM,936,H, ,SER,D,122, ,9.321686772962732,38.29885677913833,8.094861188190045,1.0, ,H, 
ATOM,937,HA, ,SER,D,122, ,10.44406258174754,36.855136832966195,8.656232449213,1.0, ,H, 
ATOM,939,N, ,GLN,D,123, ,12.37000005522621,36.857999975007544,8.203999972478051,1.0,11.62,N,
ATOM,940,CA, ,GLN,D,123, ,13.717000066707522,36.35199999150318,7.9389999198356325,1.0,13.41,C,
ATOM,941,C, ,GLN,D,123, ,14.796999937602962,37.16000008204956,8.620000040249101,1.0,12.93,C,
ATOM,943,H, ,GLN,D,123, ,11.821669089252875,37.2301068955591,7.42133273518281,1.0, ,H, 
ATOM,944,HA, ,GLN,D,123, ,13.689834860810306,37.30930993950604,7.404937433361748,1.0, ,H, 
ATOM,948,N, ,ALA,D,124, ,14.53399995412241,38.384999938460716,9.052999973221846,1.0,10.82,N,
ATOM,949,CA, ,ALA,D,124, ,15.495000077142763,39.20799996600626,9.756999909696155,1.0,11.13,C,
ATOM,950,C, ,ALA,D,124, ,15.599999937755324,38.85299999575129,11.23399998580013,1.0,10.86,C,
ATOM,952,H, ,ALA,D,124, ,13.603694040586648,38.785950212315655,8.88818707081393,1.0, ,H, 
ATOM,953,HA, ,ALA,D,124, ,14.52296927531713,39.51184898673176,10.183277282612602,1.0, ,H, 
