pdb,nnodes,nedges,num,idist,nsols,nbbsols,tsecs,min_eij,avg_eij,max_eij,min_rmsd,avg_rmsd,max_rmsd
"1thfD_121 (122,123)",14,43,1000,"[3.41, 3.61]",1722,1722,11.806123,2.17e-07,0.0015124800468060394,0.009986,0.000248,0.4711857166085946,2.226
